2	10	1	9606	HAX1	O00165	189	193	SQv.........SQ	0
2	10	1	9606	MAP1B	P46821	1503	1509	TQidv.......SQ	0
2	10	1	9606	PROSER3	Q2NL68	28	31	SQ..........SQ	0
2	10	1	9606	SMARCD3	Q6STE5	79	84	SQaq........SQ	0
2	10	1	9606	ZNF662	Q6ZS27	286	293	SQntsl......TQ	0
2	10	1	9606		Q8N9P0	95	100	SQtl........SQ	0
2	10	1	9606	ULK4	Q96C45	401	408	SQqdle......SQ	0
2	10	1	9606	SARG	Q9BW04	143	152	SQnfrkst....TQ	0
2	10	1	9606	SARG	Q9BW04	174	178	SQs.........SQ	0
2	10	1	9606	ARMC7	Q9H6L4	27	30	TQ..........SQ	0
2	10	1	9606	OGFR	Q9NZT2	420	429	SQgslrtg....TQ	0
2	10	1	9606	FTSJ1	Q9UET6	56	61	SQvl........SQ	0
2	10	1	9606	APPL1	Q9UKG1	304	312	TQggnlm.....SQ	0
2	10	1	9606	RBMY1E	A6NEQ0	180	186	SQgpm.......SQ	0
2	10	1	9606	CTIF	O43310	54	60	TQshi.......SQ	0
2	10	1	9606	AKAP10	O43572	232	240	TQnhlll.....SQ	0
2	10	1	9606	ADGRB3	O60242	231	238	TQelqt......TQ	0
2	10	1	9606	N4BP1	O75113	210	217	SQqtef......TQ	0
2	10	1	9606	N4BP1	O75113	430	435	TQah........TQ	0
2	10	1	9606	NR1H2	P55055	177	180	SQ..........SQ	0
2	10	1	9606	NR1H2	P55055	179	182	SQ..........SQ	0
2	10	1	9606	SESN3	P58005	76	84	TQvmslh.....TQ	0
2	10	1	9606	ERVPABLB-1	P60509	498	505	SQehyq......SQ	0
2	10	1	9606	PRR14L	Q5THK1	1786	1791	SQth........TQ	0
2	10	1	9606	PRR14L	Q5THK1	1854	1858	TQf.........TQ	0
2	10	1	9606	PRAMEF5	Q5TYX0	258	263	TQft........TQ	0
2	10	1	9606	PRAMEF5	Q5TYX0	315	322	SQcpsi......SQ	0
2	10	1	9606	SPATA31A5	Q5VU36	1268	1276	SQqatlk.....SQ	0
2	10	1	9606	GRHL2	Q6ISB3	442	445	SQ..........TQ	0
2	10	1	9606	TEPP	Q6URK8	225	234	TQtwrycl....SQ	0
2	10	1	9606	ENPP7	Q6UWV6	26	30	SQg.........SQ	0
2	10	1	9606	HEATR3	Q7Z4Q2	496	502	SQllf.......SQ	0
2	10	1	9606	SATL1	Q86VE3	105	111	SQpdp.......SQ	0
2	10	1	9606	SATL1	Q86VE3	110	116	SQpgp.......SQ	0
2	10	1	9606	SATL1	Q86VE3	115	121	SQsgp.......SQ	0
2	10	1	9606	SATL1	Q86VE3	144	150	SQsgg.......SQ	0
2	10	1	9606	SATL1	Q86VE3	159	165	SQlgt.......SQ	0
2	10	1	9606	SATL1	Q86VE3	164	170	SQigm.......SQ	0
2	10	1	9606	SATL1	Q86VE3	214	220	SQpgm.......SQ	0
2	10	1	9606	SATL1	Q86VE3	219	225	SQqvp.......SQ	0
2	10	1	9606	SATL1	Q86VE3	402	408	SQsgt.......SQ	0
2	10	1	9606	SATL1	Q86VE3	407	413	SQigm.......SQ	0
2	10	1	9606	SATL1	Q86VE3	447	453	SQqvp.......SQ	0
2	10	1	9606	SATL1	Q86VE3	487	493	SQpgl.......SQ	0
2	10	1	9606	SATL1	Q86VE3	502	508	SQpgl.......SQ	0
2	10	1	9606	SATL1	Q86VE3	507	513	SQpgr.......SQ	0
2	10	1	9606	SATL1	Q86VE3	512	518	SQpsv.......SQ	0
2	10	1	9606	SATL1	Q86VE3	638	645	SQiait......TQ	0
2	10	1	9606	RALGAPB	Q86X10	767	773	TQrln.......SQ	0
2	10	1	9606	ADGRV1	Q8WXG9	3370	3379	SQdyliia....SQ	0
2	10	1	9606	ADGRV1	Q8WXG9	3378	3387	SQrddsel....TQ	0
2	10	1	9606	C2orf48	Q96LS8	93	98	SQqd........TQ	0
2	10	1	9606	TRIM55	Q9BYV6	230	237	TQvitr......TQ	0
2	10	1	9606	ZNF214	Q9UL59	96	102	TQqdr.......SQ	0
2	10	1	9606	PLK4	O00444	387	390	SQ..........SQ	0
2	10	1	9606	STX7	O15400	147	150	SQ..........TQ	0
2	10	1	9606	PKHD1	P08F94	2353	2362	SQapllsf....TQ	0
2	10	1	9606	PKHD1	P08F94	3802	3807	TQae........TQ	0
2	10	1	9606	TXK	P42681	43	52	TQrrrpwl....SQ	0
2	10	1	9606	LTBP1	Q14766	287	295	SQvtpls.....SQ	0
2	10	1	9606	LTBP1	Q14766	863	870	SQviap......TQ	0
2	10	1	9606	LTBP1	Q14766	920	928	TQvqhlc.....SQ	0
2	10	1	9606	AMHR2	Q16671	362	371	TQppawtp....TQ	0
2	10	1	9606	ZNF618	Q5T7W0	342	345	TQ..........TQ	0
2	10	1	9606	MED13L	Q71F56	389	395	TQskr.......SQ	0
2	10	1	9606	MED13L	Q71F56	1643	1647	SQp.........SQ	0
2	10	1	9606	SPICE1	Q8N0Z3	230	233	TQ..........SQ	0
2	10	1	9606	SPICE1	Q8N0Z3	617	626	TQapfvnl....SQ	0
2	10	1	9606	USP13	Q92995	380	386	TQdfn.......TQ	0
2	10	1	9606	KIF20B	Q96Q89	606	611	TQef........TQ	0
2	10	1	9606	PRDM6	Q9NQX0	507	512	SQsf........SQ	0
2	10	1	9606	PRDM6	Q9NQX0	567	571	TQa.........TQ	0
2	10	1	9606	ZNF850	A8MQ14	1022	1026	SQl.........SQ	0
2	10	1	9606	MAST4	O15021	2027	2030	TQ..........TQ	0
2	10	1	9606	TRANK1	O15050	633	638	SQlk........SQ	0
2	10	1	9606	GNAI3	P08754	163	171	SQsnyip.....TQ	0
2	10	1	9606	POTED	Q86YR6	396	403	SQpekm......SQ	0
2	10	1	9606	MAML2	Q8IZL2	668	677	SQpaqslp....SQ	0
2	10	1	9606	MAML2	Q8IZL2	1006	1011	SQqf........SQ	0
2	10	1	9606	EP400	Q96L91	128	134	SQqvq.......TQ	0
2	10	1	9606	EP400	Q96L91	133	138	TQsp........TQ	0
2	10	1	9606	EP400	Q96L91	224	229	SQph........TQ	0
2	10	1	9606	EP400	Q96L91	624	633	TQlqipvk....TQ	0
2	10	1	9606	EP400	Q96L91	645	653	SQlpipp.....SQ	0
2	10	1	9606	EP400	Q96L91	763	768	SQds........SQ	0
2	10	1	9606	EP400	Q96L91	3019	3028	TQflttpi....SQ	0
2	10	1	9606	TRIM56	Q9BRZ2	386	393	TQggee......SQ	0
2	10	1	9606	MXRA5	Q9NR99	457	461	TQy.........SQ	0
2	10	1	9606	MXRA5	Q9NR99	1182	1186	TQp.........TQ	0
2	10	1	9606	MXRA5	Q9NR99	2087	2093	TQirp.......SQ	0
2	10	1	9606	ETAA1	Q9NY74	184	187	TQ..........SQ	0
2	10	1	9606	ETAA1	Q9NY74	290	299	TQkcsgql....SQ	0
2	10	1	9606	ETAA1	Q9NY74	829	834	SQil........SQ	0
2	10	1	9606	IGLV4-69	A0A075B6H9	20	26	SQlvl.......TQ	0
2	10	1	9606	AKAP13	Q12802	1072	1075	TQ..........SQ	0
2	10	1	9606	CAPS	Q13938	62	66	TQl.........TQ	0
2	10	1	9606	FNDC1	Q4ZHG4	237	242	SQgr........SQ	0
2	10	1	9606	FNDC1	Q4ZHG4	1029	1037	SQprlsl.....TQ	0
2	10	1	9606	CEP112	Q8N8E3	811	819	TQklaks.....SQ	0
2	10	1	9606	ZNF596	Q8TC21	121	128	TQhial......TQ	0
2	10	1	9606	ZNF285	Q96NJ3	270	273	SQ..........SQ	0
2	10	1	9606	SLC4A1AP	Q9BWU0	60	68	SQsetla.....SQ	0
2	10	1	9606	SLC4A1AP	Q9BWU0	524	533	SQvlsesp....SQ	0
2	10	1	9606	SLC4A1AP	Q9BWU0	702	710	TQthenm.....SQ	0
2	10	1	9606	ZBTB20	Q9HC78	402	408	SQaep.......TQ	0
2	10	1	9606	ZBTB20	Q9HC78	537	544	TQfvtv......SQ	0
2	10	1	9606	WASH3P	C4AMC7	52	61	SQqveqsr....SQ	0
2	10	1	9606	METTL15P1	P0C7V9	52	61	TQvqelhr....SQ	0
2	10	1	9606	DAZ2	Q13117	19	28	TQsssaaa....SQ	0
2	10	1	9606	DNAH12	Q6ZR08	1112	1121	SQmfwtse....TQ	0
2	10	1	9606	HEATR4	Q86WZ0	53	62	SQyrlhrk....SQ	0
2	10	1	9606	HEATR4	Q86WZ0	324	329	SQpq........TQ	0
2	10	1	9606	DOCK2	Q92608	1749	1756	SQmsfa......SQ	0
2	10	1	9606	SIGLEC10	Q96LC7	653	659	TQape.......SQ	0
2	10	1	9606	SIGLEC10	Q96LC7	658	662	SQe.........SQ	0
2	10	1	9606	LRRC7	Q96NW7	135	142	TQllnl......TQ	0
2	10	1	9606	EPS15L1	Q9UBC2	474	483	TQmisslk....TQ	0
2	10	1	9606	EPS15L1	Q9UBC2	482	487	TQiq........SQ	0
2	10	1	9606	EPS15L1	Q9UBC2	486	494	SQesdlk.....SQ	0
2	10	1	9606	DNAH17	Q9UFH2	1511	1518	TQlpgd......SQ	0
2	10	1	9606	CT45A5	P0DMU8	67	72	SQld........SQ	0
2	10	1	9606	TYK2	P29597	846	855	SQcltyep....TQ	0
2	10	1	9606	ZNF33B	Q06732	622	626	SQl.........TQ	0
2	10	1	9606	ANGEL2	Q5VTE6	425	428	TQ..........TQ	0
2	10	1	9606	RUFY4	Q6ZNE9	184	187	TQ..........TQ	0
2	10	1	9606	UNC5B	Q8IZJ1	87	94	SQndhv......TQ	0
2	10	1	9606	RIN3	Q8TB24	506	511	SQag........TQ	0
2	10	1	9606	TNFRSF19	Q9NS68	388	397	TQdaltmr....SQ	0
2	10	1	9606	SPG7	Q9UQ90	499	507	TQsstfy.....SQ	0
2	10	1	9606	MAGEB6B	A0A0J9YX57	103	107	SQe.........SQ	0
2	10	1	9606	SH2D7	A6NKC9	336	344	SQeaqpc.....SQ	0
2	10	1	9606	EOMES	O95936	419	428	TQtftfse....TQ	0
2	10	1	9606	ABCC10	Q5T3U5	911	920	SQlkaens....SQ	0
2	10	1	9606	PRPF38B	Q5VTL8	527	535	SQsieqe.....SQ	0
2	10	1	9606	AGAP6	Q5VW22	433	438	SQlt........SQ	0
2	10	1	9606	WAPL	Q7Z5K2	498	502	SQd.........SQ	0
2	10	1	9606	SUGP2	Q8IX01	153	160	SQessw......SQ	0
2	10	1	9606	DMXL2	Q8TDJ6	1958	1964	SQydw.......SQ	0
2	10	1	9606	KHSRP	Q92945	125	133	SQgdsis.....SQ	0
2	10	1	9606	ATAD5	Q96QE3	621	628	SQlkas......TQ	0
2	10	1	9606	ATAD5	Q96QE3	817	825	SQdtsek.....SQ	0
2	10	1	9606	ATAD5	Q96QE3	1169	1176	SQlkea......TQ	0
2	10	1	9606	MTIF3	Q9H2K0	254	258	TQe.........TQ	0
2	10	1	9606	EXO1	Q9UQ84	674	677	SQ..........SQ	0
2	10	1	9606	ZNF609	O15014	915	922	SQagve......SQ	0
2	10	1	9606	TRMU	O75648	178	182	SQv.........SQ	0
2	10	1	9606	PZP	P20742	999	1004	TQql........TQ	0
2	10	1	9606	PZP	P20742	1070	1078	TQsltwl.....SQ	0
2	10	1	9606	ACRV1	P26436	211	215	TQn.........SQ	0
2	10	1	9606	EPS15	P42566	435	439	SQe.........SQ	0
2	10	1	9606	ZNF638	Q14966	320	325	SQtm........SQ	0
2	10	1	9606	TPGS2	Q68CL5	102	106	TQl.........TQ	0
2	10	1	9606	LINC00696	Q6ZRV3	147	150	SQ..........SQ	0
2	10	1	9606	ZNF441	Q8N8Z8	79	87	SQcggpf.....TQ	0
2	10	1	9606	ZNF441	Q8N8Z8	86	89	TQ..........TQ	0
2	10	1	9606	SLC2A13	Q96QE2	272	281	TQkarril....SQ	0
2	10	1	9606	SRPK1	Q96SB4	400	409	SQngdsst....SQ	0
2	10	1	9606	KIAA1549	Q9HCM3	1725	1733	SQeerra.....TQ	0
2	10	1	9606	KIAA1549	Q9HCM3	1819	1826	SQiqhl......TQ	0
2	10	1	9606	SNX15	Q9NRS6	270	278	SQateli.....TQ	0
2	10	1	9606	LIMA1	Q9UHB6	721	727	TQnqk.......SQ	0
2	10	1	9606	TEX13C	A0A0J9YWL9	123	129	TQlhl.......TQ	0
2	10	1	9606	KCNQ2	O43526	374	377	SQ..........TQ	0
2	10	1	9606	USH2A	O75445	531	540	SQpyrclc....SQ	0
2	10	1	9606	USH2A	O75445	1416	1425	SQllhtak....SQ	0
2	10	1	9606	NFAT5	O94916	680	685	TQdi........SQ	0
2	10	1	9606	NFAT5	O94916	709	717	TQfqtre.....TQ	0
2	10	1	9606	NFAT5	O94916	732	739	SQltea......SQ	0
2	10	1	9606	NFAT5	O94916	1085	1089	SQe.........TQ	0
2	10	1	9606	NFAT5	O94916	1226	1235	SQqgtmfq....SQ	0
2	10	1	9606	NFAT5	O94916	1342	1348	TQses.......SQ	0
2	10	1	9606	ITGAL	P20701	446	455	SQvqtihg....TQ	0
2	10	1	9606	ITGAL	P20701	566	573	SQrieg......TQ	0
2	10	1	9606	CTNNB1	P35222	71	76	SQsf........TQ	0
2	10	1	9606	PMS1	P54277	684	692	SQiekrr.....SQ	0
2	10	1	9606	MTMR1	Q13613	298	307	SQatitrc....SQ	0
2	10	1	9606	BRICD5	Q6PL45	154	161	SQdthh......TQ	0
2	10	1	9606	PRAG1	Q86YV5	921	928	SQlsvs......SQ	0
2	10	1	9606	PRAG1	Q86YV5	927	935	SQastgs.....TQ	0
2	10	1	9606	KLB	Q86Z14	977	980	SQ..........TQ	0
2	10	1	9606	NIM1K	Q8IY84	52	57	TQdm........SQ	0
2	10	1	9606	CT45A3	Q8NHU0	67	72	SQld........SQ	0
2	10	1	9606	ADAM32	Q8TC27	728	734	TQtya.......SQ	0
2	10	1	9606	ADAM32	Q8TC27	733	742	SQsssegs....TQ	0
2	10	1	9606	ADAM32	Q8TC27	741	747	TQtya.......SQ	0
2	10	1	9606	ADAM32	Q8TC27	746	755	SQtrsess....SQ	0
2	10	1	9606	ADAM32	Q8TC27	776	781	SQds........TQ	0
2	10	1	9606	ADAM32	Q8TC27	780	783	TQ..........TQ	0
2	10	1	9606	LMO7	Q8WWI1	964	973	SQlassls....SQ	0
2	10	1	9606	LMO7	Q8WWI1	1597	1602	SQsg........SQ	0
2	10	1	9606	LCOR	Q96JN0	19	24	TQdp........SQ	0
2	10	1	9606	DIDO1	Q9BTC0	664	669	SQpn........SQ	0
2	10	1	9606	APOO	Q9BUR5	58	66	SQleesi.....SQ	0
2	10	1	9606	ZFP14	Q9HCL3	437	441	SQl.........TQ	0
2	10	1	9606	ZFP14	Q9HCL3	465	469	SQl.........TQ	0
2	10	1	9606	MAGED2	Q9UNF1	81	88	TQasst......TQ	0
2	10	1	9606	MAGED2	Q9UNF1	87	93	TQltd.......TQ	0
2	10	1	9606	ABCA8	O94911	443	446	SQ..........TQ	0
2	10	1	9606	WIZ	O95785	457	463	SQpgt.......SQ	0
2	10	1	9606	SNRPD2	P62316	33	41	TQsvknn.....TQ	0
2	10	1	9606	SHLD2	Q86V20	99	105	TQnie.......SQ	0
2	10	1	9606	ARID1B	Q8NFD5	534	539	SQpq........SQ	0
2	10	1	9606	ARID1B	Q8NFD5	702	705	SQ..........SQ	0
2	10	1	9606	ARID1B	Q8NFD5	715	724	SQegygtr....SQ	0
2	10	1	9606	ARID1B	Q8NFD5	1580	1588	SQwpshv.....SQ	0
2	10	1	9606	BMP2K	Q9NSY1	1141	1145	SQq.........SQ	0
2	10	1	9606	CPA4	Q9UI42	231	234	TQ..........TQ	0
2	10	1	9606	MYH15	Q9Y2K3	1475	1483	SQallda.....SQ	0
2	10	1	9606	MYH15	Q9Y2K3	1730	1738	TQntsll.....SQ	0
2	10	1	9606	ZBBX	A8MT70	731	738	SQslni......SQ	0
2	10	1	9606	TGM5	O43548	582	586	SQy.........SQ	0
2	10	1	9606	KIF5C	O60282	529	535	TQrel.......SQ	0
2	10	1	9606	TMCC2	O75069	102	106	SQd.........SQ	0
2	10	1	9606	ABL1	P00519	915	920	SQsp........SQ	0
2	10	1	9606	BNC1	Q01954	811	816	TQqa........SQ	0
2	10	1	9606	EXT1	Q16394	492	495	SQ..........SQ	0
2	10	1	9606	NBPF8	Q3BBV2	66	73	SQerel......TQ	0
2	10	1	9606	NBPF8	Q3BBV2	337	344	SQerel......TQ	0
2	10	1	9606	METTL13	Q8N6R0	534	541	TQwfgf......SQ	0
2	10	1	9606	PNPT1	Q8TCS8	776	783	SQsssn......SQ	0
2	10	1	9606	EEF1AKMT1	Q8WVE0	51	57	SQfwy.......SQ	0
2	10	1	9606	ERBIN	Q96RT1	135	142	SQllnl......TQ	0
2	10	1	9606	MANSC1	Q9H8J5	204	208	SQs.........SQ	0
2	10	1	9606	SUCO	Q9UBS9	726	731	SQtl........SQ	0
2	10	1	9606	TCF20	Q9UGU0	627	636	SQeddpaa....TQ	0
2	10	1	9606	CCDC144A	A2RUR9	1008	1011	SQ..........TQ	0
2	10	1	9606	USP9Y	O00507	585	590	SQnl........SQ	0
2	10	1	9606	USP9Y	O00507	589	592	SQ..........TQ	0
2	10	1	9606	EIF3D	O15371	61	68	SQfggg......SQ	0
2	10	1	9606	VWF	P04275	1345	1353	SQvkyag.....SQ	0
2	10	1	9606	KCNA4	P22459	577	581	TQl.........TQ	0
2	10	1	9606	ECSCR	Q19T08	24	30	SQptm.......TQ	0
2	10	1	9606	ECSCR	Q19T08	29	35	TQtss.......SQ	0
2	10	1	9606	ZSCAN1	Q8NBB4	149	155	SQkep.......SQ	0
2	10	1	9606	SLC2A14	Q8TDB8	256	261	TQdv........SQ	0
2	10	1	9606	MS4A14	Q96JA4	362	368	SQdts.......SQ	0
2	10	1	9606	MS4A14	Q96JA4	402	408	SQdml.......SQ	0
2	10	1	9606	ZIM2	Q9NZV7	510	518	TQhyqlh.....SQ	0
2	10	1	9606	KANSL1L	A0AUZ9	236	242	SQarr.......TQ	0
2	10	1	9606	TRAV38-2DV8	A0JD32	25	28	TQ..........SQ	0
2	10	1	9606	RTL1	A6NKG5	1143	1148	TQll........TQ	0
2	10	1	9606	LINC02906	E5RJ46	50	54	SQe.........SQ	0
2	10	1	9606	ATN1	P54259	428	435	TQpslp......SQ	0
2	10	1	9606	ATN1	P54259	434	440	SQavw.......SQ	0
2	10	1	9606	ATN1	P54259	554	560	SQvsy.......SQ	0
2	10	1	9606	GPSM2	P81274	575	579	TQn.........SQ	0
2	10	1	9606	LARS2	Q15031	764	768	SQa.........SQ	0
2	10	1	9606	AAK1	Q2M2I8	425	432	SQplpq......TQ	0
2	10	1	9606	AAK1	Q2M2I8	519	524	SQgg........SQ	0
2	10	1	9606	POTEA	Q6S8J7	322	329	SQhekv......TQ	0
2	10	1	9606	TRMT10C	Q7L0Y3	388	392	SQh.........SQ	0
2	10	1	9606	RBM12B	Q8IXT5	387	392	SQky........SQ	0
2	10	1	9606	DOCK8	Q8NF50	2093	2097	TQl.........SQ	0
2	10	1	9606	GARIN3	Q8TC56	414	419	SQkv........SQ	0
2	10	1	9606	SPEN	Q96T58	3389	3396	SQeakg......TQ	0
2	10	1	9606	TUT1	Q9H6E5	110	113	SQ..........SQ	0
2	10	1	9606	TUT1	Q9H6E5	454	458	SQl.........TQ	0
2	10	1	9606	ATP13A2	Q9NQ11	123	131	SQaedgr.....SQ	0
2	10	1	9606	TNFRSF18	Q9Y5U5	194	203	SQcmwpre....TQ	0
2	10	1	9606	GHR	P10912	91	96	TQew........TQ	0
2	10	1	9606	AFF2	P51816	185	190	TQdq........SQ	0
2	10	1	9606	ADCY7	P51828	457	465	SQqpppp.....SQ	0
2	10	1	9606	GEMIN4	P57678	972	981	TQealfvy....TQ	0
2	10	1	9606	NUP160	Q12769	841	849	SQpkapl.....SQ	0
2	10	1	9606	NUP160	Q12769	1015	1023	SQayeal.....TQ	0
2	10	1	9606	TAF7L	Q5H9L4	55	64	TQipaded....TQ	0
2	10	1	9606	NYAP1	Q6ZVC0	748	756	SQprdal.....SQ	0
2	10	1	9606	GPRIN3	Q6ZVF9	726	730	TQn.........SQ	0
2	10	1	9606	DOCK4	Q8N1I0	757	760	SQ..........SQ	0
2	10	1	9606	SECISBP2	Q96T21	361	368	TQkska......SQ	0
2	10	1	9606	EYA1	Q99502	153	156	SQ..........SQ	0
2	10	1	9606	ANAPC1	Q9H1A4	736	745	SQmkdedf....SQ	0
2	10	1	9606	TASOR	Q9UK61	1629	1632	SQ..........SQ	0
2	10	1	9606	ARHGAP6	O43182	794	801	TQgarr......TQ	0
2	10	1	9606	SYNJ1	O43426	1383	1386	SQ..........SQ	0
2	10	1	9606	COBL	O75128	660	669	TQatervn....SQ	0
2	10	1	9606	COBL	O75128	798	801	TQ..........TQ	0
2	10	1	9606	NUP62	P37198	64	70	TQtpa.......TQ	0
2	10	1	9606	POLE	Q07864	1238	1243	SQee........SQ	0
2	10	1	9606	POLE	Q07864	2031	2035	SQl.........SQ	0
2	10	1	9606	POLE	Q07864	2060	2068	TQsffti.....TQ	0
2	10	1	9606	ZNF484	Q5JVG2	289	293	TQk.........SQ	0
2	10	1	9606	ZNF484	Q5JVG2	292	298	SQldg.......SQ	0
2	10	1	9606	IL27RA	Q6UWB1	70	79	SQkyrsnk....TQ	0
2	10	1	9606	RIN2	Q8WYP3	562	570	TQvknyl.....SQ	0
2	10	1	9606	WAC	Q9BTA9	421	429	SQaaqls.....TQ	0
2	10	1	9606	WAC	Q9BTA9	491	496	SQsa........TQ	0
2	10	1	9606	WWTR1	Q9GZV5	205	212	SQqnhp......TQ	0
2	10	1	9606	NECAP2	Q9NVZ3	252	255	SQ..........TQ	0
2	10	1	9606	NYNRIN	Q9P2P1	309	317	SQdstnh.....TQ	0
2	10	1	9606	ADD3	Q9UEY8	592	597	SQiq........SQ	0
2	10	1	9606	ADD3	Q9UEY8	596	599	SQ..........TQ	0
2	10	1	9606	POLDIP2	Q9Y2S7	147	151	SQr.........SQ	0
2	10	1	9606	HCFC2	Q9Y5Z7	520	526	TQtmv.......TQ	0
2	10	1	9606	CSNKA2IP	A0A1B0GTH6	75	81	SQdki.......SQ	0
2	10	1	9606	KIR2DL1	A0A5K1VDZ0	286	295	TQlnhcvf....TQ	0
2	10	1	9606	KIR2DL1	A0A5K1VDZ0	294	303	TQrkitrp....SQ	0
2	10	1	9606	FANCG	O15287	342	345	TQ..........SQ	0
2	10	1	9606	KRT3	P12035	617	621	SQs.........SQ	0
2	10	1	9606	KRT3	P12035	620	624	SQs.........SQ	0
2	10	1	9606	ARID5B	Q14865	938	946	SQfqvlg.....SQ	0
2	10	1	9606	TIMM21	Q9BVV7	61	68	TQktiw......TQ	0
2	10	1	9606	LRRC37A3	O60309	216	225	SQfhlepe....TQ	0
2	10	1	9606	GABBR2	O75899	755	764	TQnrrfqf....TQ	0
2	10	1	9606	JUP	P14923	62	69	TQgvpp......SQ	0
2	10	1	9606	ALDH6A1	Q02252	507	515	TQlktit.....SQ	0
2	10	1	9606	ZNF33A	Q06730	621	625	SQl.........TQ	0
2	10	1	9606	ZXDC	Q2QGD7	740	744	SQs.........TQ	0
2	10	1	9606	RPTN	Q6XPR3	721	729	SQegpcg.....TQ	0
2	10	1	9606	HEATR5A	Q86XA9	342	345	TQ..........TQ	0
2	10	1	9606	PGLYRP2	Q96PD5	235	238	SQ..........TQ	0
2	10	1	9606	FANCD2	Q9BXW9	1104	1113	SQpleell....SQ	0
2	10	1	9606	FANCD2	Q9BXW9	1401	1405	SQn.........SQ	0
2	10	1	9606	KLHL1	Q9NR64	52	60	SQsrllk.....SQ	0
2	10	1	9606	PCF11	O94913	1285	1293	SQtdsat.....TQ	0
2	10	1	9606	MYH10	P35580	1315	1321	SQlqd.......TQ	0
2	10	1	9606	GATA4	P43694	82	91	TQqgspgw....SQ	0
2	10	1	9606	PAPOLA	P51003	7	11	TQg.........SQ	0
2	10	1	9606	PAPOLA	P51003	10	14	SQq.........TQ	0
2	10	1	9606	STAT2	P52630	98	103	SQdp........TQ	0
2	10	1	9606	ZNF658	Q5TYW1	313	316	TQ..........SQ	0
2	10	1	9606	EMSY	Q7Z589	268	276	TQttntt.....TQ	0
2	10	1	9606	EMSY	Q7Z589	727	731	SQs.........SQ	0
2	10	1	9606	EMSY	Q7Z589	730	734	SQd.........SQ	0
2	10	1	9606	EMSY	Q7Z589	857	864	SQpqqp......SQ	0
2	10	1	9606	EMSY	Q7Z589	876	881	SQta........TQ	0
2	10	1	9606	EMSY	Q7Z589	944	947	TQ..........SQ	0
2	10	1	9606	EMSY	Q7Z589	955	963	SQppleq.....TQ	0
2	10	1	9606	EMSY	Q7Z589	1090	1099	SQveqpii....TQ	0
2	10	1	9606	ZBTB33	Q86T24	259	262	SQ..........TQ	0
2	10	1	9606	COG1	Q8WTW3	138	145	SQclha......TQ	0
2	10	1	9606	COG1	Q8WTW3	657	664	TQeiip......TQ	0
2	10	1	9606	ATRIP	Q8WXE1	68	73	SQal........SQ	0
2	10	1	9606	TBC1D32	Q96NH3	667	671	SQe.........SQ	0
2	10	1	9606	TBC1D32	Q96NH3	1154	1163	SQiclqwi....TQ	0
2	10	1	9606	TBC1D32	Q96NH3	1208	1211	TQ..........TQ	0
2	10	1	9606	RANBP3	Q9H6Z4	128	134	TQfpp.......SQ	0
2	10	1	9606	POTEB2	H3BUK9	359	366	SQpekm......SQ	0
2	10	1	9606	P2RX6	O15547	418	421	SQ..........TQ	0
2	10	1	9606	UBTFL1	P0CB47	119	128	SQmypgmr....SQ	0
2	10	1	9606	UBTFL1	P0CB47	264	272	SQkdhfk.....SQ	0
2	10	1	9606	BCR	P11274	371	375	SQn.........SQ	0
2	10	1	9606	BCR	P11274	534	541	SQpvlt......SQ	0
2	10	1	9606	IL7R	P16871	44	52	SQlevng.....SQ	0
2	10	1	9606	ATR	Q13535	749	757	SQhecss.....SQ	0
2	10	1	9606	MTMR3	Q13615	823	832	SQscsllp....SQ	0
2	10	1	9606	CCDC38	Q502W7	284	290	SQgrd.......SQ	0
2	10	1	9606	TSBP1	Q5SRN2	381	387	SQvkk.......SQ	0
2	10	1	9606	ZMYM1	Q5SVZ6	607	616	SQvdfyns....TQ	0
2	10	1	9606	NANOGP8	Q6NSW7	223	229	TQtwc.......TQ	0
2	10	1	9606	RBM44	Q6ZP01	84	93	SQdtntes....TQ	0
2	10	1	9606	CDC37L1	Q7L3B6	274	277	SQ..........SQ	0
2	10	1	9606	VPS13B	Q7Z7G8	3335	3339	SQg.........TQ	0
2	10	1	9606	GLCCI1	Q86VQ1	13	21	SQtphpp.....SQ	0
2	10	1	9606	CDK19	Q9BWU1	475	478	SQ..........SQ	0
2	10	1	9606	CDK19	Q9BWU1	487	492	SQqs........SQ	0
2	10	1	9606	NUSAP1	Q9BXS6	247	252	SQrr........SQ	0
2	10	1	9606	BRD8	Q9H0E9	60	67	SQkhca......SQ	0
2	10	1	9606	ZDBF2	Q9HCK1	124	129	SQeg........TQ	0
2	10	1	9606	PFDN4	Q9NQP4	79	84	SQee........TQ	0
2	10	1	9606	ARHGEF12	Q9NZN5	1499	1502	SQ..........SQ	0
2	10	1	9606	IGLV5-39	A0A0G2JS06	19	25	SQpvl.......TQ	0
2	10	1	9606	EYA4	O95677	22	25	SQ..........SQ	0
2	10	1	9606	EYA4	O95677	209	212	SQ..........TQ	0
2	10	1	9606	BRCA2	P51587	1123	1129	SQfef.......TQ	0
2	10	1	9606	ZNF142	P52746	131	136	TQkd........SQ	0
2	10	1	9606	TBX4	P57082	478	481	SQ..........SQ	0
2	10	1	9606	RBL2	Q08999	918	925	TQpqar......SQ	0
2	10	1	9606	NCOA4	Q13772	229	238	TQkqtlen....SQ	0
2	10	1	9606	OR4D1	Q15615	18	21	SQ..........TQ	0
2	10	1	9606	FBXO43	Q4G163	220	229	SQklrlnf....SQ	0
2	10	1	9606	EFHC1	Q5JVL4	190	197	TQvfle......SQ	0
2	10	1	9606	ANKRD20A2P	Q5SQ80	700	703	SQ..........TQ	0
2	10	1	9606	ANKRD20A2P	Q5SQ80	702	707	TQqq........TQ	0
2	10	1	9606	PTAR1	Q7Z6K3	330	334	SQl.........SQ	0
2	10	1	9606	ZNF276	Q8N554	580	583	TQ..........TQ	0
2	10	1	9606	FAM184A	Q8NB25	392	396	TQm.........TQ	0
2	10	1	9606	FAM184A	Q8NB25	709	712	SQ..........SQ	0
2	10	1	9606	FAM184A	Q8NB25	723	731	TQerqrl.....TQ	0
2	10	1	9606	FBF1	Q8TES7	461	468	SQplts......TQ	0
2	10	1	9606	CCDC158	Q5M9N0	137	140	SQ..........SQ	0
2	10	1	9606	CCDC158	Q5M9N0	292	300	SQansiq.....SQ	0
2	10	1	9606	ZNF571	Q7Z3V5	599	603	SQl.........TQ	0
2	10	1	9606	NUTM2A	Q8IVF1	266	275	TQaceggw....SQ	0
2	10	1	9606	NUTM2A	Q8IVF1	856	859	SQ..........SQ	0
2	10	1	9606	CUL9	Q8IWT3	1736	1739	SQ..........SQ	0
2	10	1	9606	SULF1	Q8IWU6	516	521	SQrk........SQ	0
2	10	1	9606	TMEM131	Q92545	1286	1291	SQhg........SQ	0
2	10	1	9606	PRG4	Q92954	958	966	TQvtstt.....TQ	0
2	10	1	9606	TBC1D10A	Q9BXI6	494	501	SQeslt......SQ	0
2	10	1	9606	NDST4	Q9H3R1	86	90	SQy.........SQ	0
2	10	1	9606	NDST4	Q9H3R1	331	338	TQnllr......TQ	0
2	10	1	9606	NANOG	Q9H9S0	223	229	TQtwc.......TQ	0
2	10	1	9606	ABCB8	Q9NUT2	271	279	SQglrsc.....TQ	0
2	10	1	9606	RNF6	Q9Y252	530	538	SQhregs.....SQ	0
2	10	1	9606	ATXN1	P54253	169	173	SQr.........SQ	0
2	10	1	9606	POU6F2	P78424	213	216	SQ..........SQ	0
2	10	1	9606	POU6F2	P78424	232	241	SQqppapt....SQ	0
2	10	1	9606	POU6F2	P78424	357	364	SQaasg......TQ	0
2	10	1	9606	POU6F2	P78424	435	441	SQasm.......SQ	0
2	10	1	9606	POU6F2	P78424	501	504	TQ..........TQ	0
2	10	1	9606	CACNB2	Q08289	495	499	SQg.........SQ	0
2	10	1	9606	NPRL3	Q12980	31	38	SQehpa......SQ	0
2	10	1	9606	MEI1	Q5TIA1	81	86	TQlv........SQ	0
2	10	1	9606	THSD4	Q6ZMP0	277	282	TQsf........SQ	0
2	10	1	9606	SPATA31E1	Q6ZUB1	488	492	SQl.........SQ	0
2	10	1	9606	SPATA31E1	Q6ZUB1	552	557	SQer........TQ	0
2	10	1	9606	SPATA31E1	Q6ZUB1	588	594	SQavl.......SQ	0
2	10	1	9606	SPATA31E1	Q6ZUB1	666	672	SQaed.......TQ	0
2	10	1	9606	SPATA31E1	Q6ZUB1	671	679	TQqallp.....SQ	0
2	10	1	9606	SPATA31E1	Q6ZUB1	1146	1154	TQaplst.....SQ	0
2	10	1	9606	MYO18B	Q8IUG5	87	92	SQqi........SQ	0
2	10	1	9606	MYO18B	Q8IUG5	353	360	TQmekt......SQ	0
2	10	1	9606	MYO18B	Q8IUG5	2008	2016	SQaatse.....SQ	0
2	10	1	9606	MYO18B	Q8IUG5	2015	2022	SQqres......SQ	0
2	10	1	9606	LRRC37B	Q96QE4	258	267	SQfhlepk....SQ	0
2	10	1	9606	AMBRA1	Q9C0C7	1101	1105	SQg.........TQ	0
2	10	1	9606	KAT8	Q9H7Z6	386	393	SQmtsi......TQ	0
2	10	1	9606	WDR7	Q9Y4E6	1288	1291	TQ..........SQ	0
2	10	1	9606	NKRF	O15226	145	151	SQqan.......SQ	0
2	10	1	9606	SEMA7A	O75326	481	487	SQwev.......SQ	0
2	10	1	9606	ACO1	P21399	350	357	SQdpdf......TQ	0
2	10	1	9606	SLC9A3	P48764	784	790	SQrar.......TQ	0
2	10	1	9606	DLX5	P56178	177	180	TQ..........TQ	0
2	10	1	9606	FLII	Q13045	208	212	TQr.........TQ	0
2	10	1	9606	FLII	Q13045	1210	1214	TQt.........SQ	0
2	10	1	9606	MRPL49	Q13405	27	30	SQ..........TQ	0
2	10	1	9606	ESCO1	Q5FWF5	163	172	TQsksnkt....SQ	0
2	10	1	9606	ESCO1	Q5FWF5	218	222	SQc.........TQ	0
2	10	1	9606	SPATA31F2P	Q63HN1	274	278	SQh.........TQ	0
2	10	1	9606	TTC21B	Q7Z4L5	538	547	SQekvklc....SQ	0
2	10	1	9606	GOT1L1	Q8NHS2	236	245	SQgfeffc....SQ	0
2	10	1	9606	IPCEF1	Q8WWN9	173	176	SQ..........TQ	0
2	10	1	9606	GALNT14	Q96FL9	459	468	SQvwafty....TQ	0
2	10	1	9606	MS4A7	Q9GZW8	222	225	TQ..........SQ	0
2	10	1	9606	IGLV7-46	A0A075B6I9	19	25	SQavv.......TQ	0
2	10	1	9606	ZBED4	O75132	949	956	TQmstl......SQ	0
2	10	1	9606	DDN	O94850	464	473	SQyvptpr....TQ	0
2	10	1	9606	MAPK7	Q13164	714	721	TQqlsk......SQ	0
2	10	1	9606	HIVEP3	Q5T1R4	688	697	SQiehepw....SQ	0
2	10	1	9606	HIVEP3	Q5T1R4	1339	1345	SQilv.......TQ	0
2	10	1	9606	HIVEP3	Q5T1R4	1344	1347	TQ..........SQ	0
2	10	1	9606	TTBK2	Q6IQ55	1119	1127	SQkprst.....TQ	0
2	10	1	9606	NHS	Q6T4R5	986	990	SQt.........SQ	0
2	10	1	9606	TMEM123	Q8N131	122	127	SQnt........SQ	0
2	10	1	9606	OR1N2	Q8NGR9	104	107	TQ..........SQ	0
2	10	1	9606	HSFX4	A0A1B0GTS1	51	57	SQdpg.......SQ	0
2	10	1	9606	TRBC2	A0A5B9	109	118	TQdrakpv....TQ	0
2	10	1	9606	CENPBD1P	B2RD01	130	139	SQterfha....SQ	0
2	10	1	9606	ZNF207	O43670	101	105	TQe.........SQ	0
2	10	1	9606	FCER2	P06734	83	87	SQs.........TQ	0
2	10	1	9606	FCER2	P06734	86	90	TQi.........SQ	0
2	10	1	9606	RBMY1A1	P0DJD3	180	186	SQgpm.......SQ	0
2	10	1	9606	DAB2	P98082	369	372	SQ..........TQ	0
2	10	1	9606	DAB2	P98082	371	378	TQpavr......TQ	0
2	10	1	9606	DAB2	P98082	746	754	SQasvas.....SQ	0
2	10	1	9606	TCHH	Q07283	1256	1264	SQlrdrq.....SQ	0
2	10	1	9606	CT45A1	Q5HYN5	67	72	SQld........SQ	0
2	10	1	9606	FNDC7	Q5VTL7	552	556	TQi.........TQ	0
2	10	1	9606	RAPH1	Q70E73	561	570	TQpaghvr....SQ	0
2	10	1	9606	GPR155	Q7Z3F1	196	201	TQna........SQ	0
2	10	1	9606	SNX20	Q7Z614	17	24	TQctar......TQ	0
2	10	1	9606	NBPF11	Q86T75	101	108	SQerel......TQ	0
2	10	1	9606	NBPF11	Q86T75	372	379	SQerel......TQ	0
2	10	1	9606	TNRC6A	Q8NDV7	1287	1296	SQnmqfms....SQ	0
2	10	1	9606	TNRC6A	Q8NDV7	1405	1412	SQlnql......SQ	0
2	10	1	9606	TNRC6A	Q8NDV7	1411	1415	SQi.........SQ	0
2	10	1	9606		Q96M66	162	169	TQntaa......SQ	0
2	10	1	9606	TIMM17A	Q99595	152	158	SQlps.......TQ	0
2	10	1	9606	SIKE1	Q9BRV8	74	79	SQen........TQ	0
2	10	1	9606	TANC2	Q9HCD6	1647	1655	SQgdigv.....SQ	0
2	10	1	9606	TANC2	Q9HCD6	1712	1721	SQtpqigr....SQ	0
2	10	1	9606	RBMY1B	A6NDE4	180	186	SQgpm.......SQ	0
2	10	1	9606	NRP2	O60462	344	353	TQgaisre....TQ	0
2	10	1	9606	NRP2	O60462	448	456	SQisass.....TQ	0
2	10	1	9606	POU2F2	P09086	151	159	TQgallt.....SQ	0
2	10	1	9606	POU2F2	P09086	158	167	SQpraglp....TQ	0
2	10	1	9606	ZNF3	P17036	3	10	TQadlv......SQ	0
2	10	1	9606	TTF1	Q15361	658	663	SQis........SQ	0
2	10	1	9606	ZFHX3	Q15911	148	152	SQl.........TQ	0
2	10	1	9606	ATAD2	Q6PL18	1184	1191	SQakdd......SQ	0
2	10	1	9606	DGKH	Q86XP1	990	997	SQmqlc......SQ	0
2	10	1	9606	GHDC	Q8N2G8	103	106	SQ..........TQ	0
2	10	1	9606	GLIS3	Q8NEA6	637	643	TQppy.......TQ	0
2	10	1	9606	CPT1B	Q92523	687	693	SQipq.......SQ	0
2	10	1	9606	BRF2	Q9HAW0	22	25	SQ..........SQ	0
2	10	1	9606	ABCB10	Q9NRK6	343	352	TQdslaqa....TQ	0
2	10	1	9606	TRIM64	A6NGJ6	214	220	SQvrm.......TQ	0
2	10	1	9606	DUXA	A6NLW8	84	87	SQ..........SQ	0
2	10	1	9606	IKBKB	O14920	682	690	SQpgqlm.....SQ	0
2	10	1	9606	TRIM66	O15016	589	596	SQhlas......SQ	0
2	10	1	9606	TRIM66	O15016	667	670	SQ..........SQ	0
2	10	1	9606	TRIM66	O15016	1046	1055	SQdrlsea....TQ	0
2	10	1	9606	COQ9	O75208	59	66	SQqhse......TQ	0
2	10	1	9606	GOLGA6D	P0CG33	482	491	SQrnqqle....TQ	0
2	10	1	9606	DDOST	P39656	280	285	SQry........SQ	0
2	10	1	9606	GRIA2	P42262	860	864	SQn.........SQ	0
2	10	1	9606	BTG2	P78543	83	89	SQigl.......SQ	0
2	10	1	9606	GEN1	Q17RS7	817	825	TQrmkhs.....SQ	0
2	10	1	9606	UTP25	Q68CQ4	8	11	SQ..........SQ	0
2	10	1	9606	KDM4D	Q6B0I6	355	361	SQels.......TQ	0
2	10	1	9606	RBBP6	Q7Z6E9	542	546	SQr.........TQ	0
2	10	1	9606	DPP9	Q86TI2	326	334	SQgkivs.....TQ	0
2	10	1	9606	NAV2	Q8IVL1	54	61	SQiplk......SQ	0
2	10	1	9606	NAV2	Q8IVL1	211	219	SQvagap.....SQ	0
2	10	1	9606	NAV2	Q8IVL1	1522	1527	SQlr........TQ	0
2	10	1	9606	ANKRD53	Q8N9V6	398	404	TQish.......SQ	0
2	10	1	9606	GTF2H4	Q92759	172	181	SQdlaqll....SQ	0
2	10	1	9606	SNAPC3	Q92966	209	214	SQkl........TQ	0
2	10	1	9606	MTERF3	Q96E29	70	78	SQstsss.....SQ	0
2	10	1	9606	MTERF3	Q96E29	95	99	SQk.........TQ	0
2	10	1	9606	TBCD	Q9BTW9	963	971	SQafpri.....TQ	0
2	10	1	9606	RERGL	Q9H628	61	64	SQ..........TQ	0
2	10	1	9606	XPO5	Q9HAV4	364	372	SQflrss.....TQ	0
2	10	1	9606	RAVER2	Q9HCJ3	619	625	SQgse.......SQ	0
2	10	1	9606	ENAM	Q9NRM1	119	123	TQe.........TQ	0
2	10	1	9606	ENAM	Q9NRM1	122	129	TQkpnq......TQ	0
2	10	1	9606	ENAM	Q9NRM1	254	262	TQpnpkg.....SQ	0
2	10	1	9606	ENAM	Q9NRM1	305	313	SQipwrp.....SQ	0
2	10	1	9606	ENAM	Q9NRM1	511	514	TQ..........SQ	0
2	10	1	9606	RBM27	Q9P2N5	511	514	TQ..........TQ	0
2	10	1	9606	CDYL	Q9Y232	164	171	SQlfaa......SQ	0
2	10	1	9606	HECTD4	Q9Y4D8	576	585	SQtalllk....TQ	0
2	10	1	9606	HECTD4	Q9Y4D8	3068	3076	SQasics.....SQ	0
2	10	1	9606	HECTD4	Q9Y4D8	3075	3080	SQgi........SQ	0
2	10	1	9606	CPHXL	A0A1W2PPM1	183	189	SQqvg.......SQ	0
2	10	1	9606	CPHXL	A0A1W2PPM1	200	206	SQqva.......SQ	0
2	10	1	9606	CPHXL	A0A1W2PPM1	352	357	SQlq........SQ	0
2	10	1	9606	MROH6	A6NGR9	601	604	SQ..........TQ	0
2	10	1	9606	CDK2AP1	O14519	50	57	TQgtgn......SQ	0
2	10	1	9606	EVI5	O60447	43	48	SQma........SQ	0
2	10	1	9606	KIF22	Q14807	452	456	SQg.........SQ	0
2	10	1	9606	RPS6KA1	Q15418	676	685	TQkdklpq....SQ	0
2	10	1	9606	NLRC3	Q7RTR2	37	41	SQg.........SQ	0
2	10	1	9606	LDB1	Q86U70	166	175	TQhgkpmf....TQ	0
2	10	1	9606	LDB1	Q86U70	407	411	SQa.........SQ	0
2	10	1	9606	LAX1	Q8IWV1	352	358	TQsed.......SQ	0
2	10	1	9606	SAXO1	Q8IYX7	447	452	SQag........SQ	0
2	10	1	9606	SYCP2	Q9BX26	418	426	SQilvpe.....SQ	0
2	10	1	9606	SYCP2	Q9BX26	1208	1212	TQe.........TQ	0
2	10	1	9606	ARHGEF4	Q9NR80	510	517	TQpqak......SQ	0
2	10	1	9606	RIMBP3	Q9UFD9	710	716	SQmpe.......SQ	0
2	10	1	9606		A0A0G2JNH3	18	21	TQ..........SQ	0
2	10	1	9606	TNPO2	O14787	20	28	SQspnta.....TQ	0
2	10	1	9606	SGPL1	O95470	556	560	TQg.........SQ	0
2	10	1	9606	KCNA5	P22460	541	544	TQ..........SQ	0
2	10	1	9606	CCNC	P24863	275	282	SQnssy......SQ	0
2	10	1	9606	GHRHR	Q02643	320	323	TQ..........SQ	0
2	10	1	9606	TP53BP1	Q12888	6	14	SQldsdf.....SQ	0
2	10	1	9606	TP53BP1	Q12888	25	30	SQpe........SQ	0
2	10	1	9606	TP53BP1	Q12888	176	179	SQ..........SQ	0
2	10	1	9606	TP53BP1	Q12888	696	699	TQ..........SQ	0
2	10	1	9606	ANKRD20A3P	Q5VUR7	700	703	SQ..........TQ	0
2	10	1	9606	ANKRD20A3P	Q5VUR7	702	707	TQqq........TQ	0
2	10	1	9606	UBE3D	Q7Z6J8	101	104	SQ..........TQ	0
2	10	1	9606	ZNF687	Q8N1G0	813	821	SQhpsfq.....TQ	0
2	10	1	9606	UPF1	Q92900	42	45	SQ..........TQ	0
2	10	1	9606	UPF1	Q92900	323	326	SQ..........TQ	0
2	10	1	9606	UPF1	Q92900	1042	1050	SQtnlpn.....SQ	0
2	10	1	9606	UPF1	Q92900	1049	1053	SQa.........SQ	0
2	10	1	9606	UPF1	Q92900	1052	1058	SQdva.......SQ	0
2	10	1	9606	UPF1	Q92900	1057	1062	SQpf........SQ	0
2	10	1	9606	UPF1	Q92900	1061	1067	SQgal.......TQ	0
2	10	1	9606	UPF1	Q92900	1066	1074	TQgyism.....SQ	0
2	10	1	9606	UPF1	Q92900	1073	1077	SQp.........SQ	0
2	10	1	9606	UPF1	Q92900	1076	1080	SQm.........SQ	0
2	10	1	9606	UPF1	Q92900	1079	1085	SQpgl.......SQ	0
2	10	1	9606	UPF1	Q92900	1084	1090	SQpel.......SQ	0
2	10	1	9606	UPF1	Q92900	1100	1108	SQidval.....SQ	0
2	10	1	9606	GRAMD1A	Q96CP6	301	309	SQpdass.....SQ	0
2	10	1	9606	SLC35F4	A4IF30	137	146	TQthsens....SQ	0
2	10	1	9606	SPATA31F3	A6NFA0	208	215	SQvpav......SQ	0
2	10	1	9606	RIMBP3B	A6NNM3	710	716	SQmpe.......SQ	0
2	10	1	9606	TOX	O94900	48	56	SQdyvpa.....SQ	0
2	10	1	9606	DLGAP3	O95886	840	846	TQlll.......SQ	0
2	10	1	9606	IFNAR1	P17181	529	533	SQt.........SQ	0
2	10	1	9606	THPO	P40225	346	351	SQnl........SQ	0
2	10	1	9606	VAC14	Q08AM6	57	64	SQefal......SQ	0
2	10	1	9606	ITPKC	Q96DU7	181	184	SQ..........TQ	0
2	10	1	9606	ITPKC	Q96DU7	278	286	TQpstdg.....SQ	0
2	10	1	9606	MOCOS	Q96EN8	61	64	SQ..........SQ	0
2	10	1	9606	NAF1	Q96HR8	403	412	SQetsgfp....SQ	0
2	10	1	9606	ENPP4	Q9Y6X5	241	245	TQc.........SQ	0
2	10	1	9606	IGLV9-49	A0A0B4J1Y8	19	25	SQpvl.......TQ	0
2	10	1	9606	KLRF2	D3W0D1	102	108	SQrdc.......TQ	0
2	10	1	9606	KHDRBS1	Q07666	388	391	SQ..........SQ	0
2	10	1	9606	AP3B2	Q13367	249	256	TQflsp......TQ	0
2	10	1	9606	ZYX	Q15942	218	221	SQ..........TQ	0
2	10	1	9606	ZYX	Q15942	240	243	SQ..........TQ	0
2	10	1	9606	ZYX	Q15942	242	251	TQpvslan....TQ	0
2	10	1	9606	ARFGEF3	Q5TH69	1034	1042	SQpplti.....SQ	0
2	10	1	9606	ARFGEF3	Q5TH69	1148	1151	SQ..........SQ	0
2	10	1	9606	AUTS2	Q8WXX7	277	282	SQek........SQ	0
2	10	1	9606	CELSR3	Q9NYQ7	2839	2845	TQdqd.......SQ	0
2	10	1	9606	PLK2	Q9NYY3	42	48	SQppq.......SQ	0
2	10	1	9606	MTMR7	Q9Y216	480	483	SQ..........TQ	0
2	10	1	9606	NR2E3	Q9Y5X4	349	355	SQvml.......SQ	0
2	10	1	9606	OTUD4	Q01804	399	402	SQ..........SQ	0
2	10	1	9606	DLX2	Q07687	192	195	TQ..........TQ	0
2	10	1	9606	TARBP1	Q13395	1397	1400	SQ..........TQ	0
2	10	1	9606	ZNF746	Q6NUN9	331	339	SQgssfp.....SQ	0
2	10	1	9606	MROH5	Q6ZUA9	65	69	SQs.........SQ	0
2	10	1	9606	MROH5	Q6ZUA9	677	685	SQapkel.....SQ	0
2	10	1	9606	MON1A	Q86VX9	188	197	SQdfsels....TQ	0
2	10	1	9606	DNAH10	Q8IVF4	3206	3209	TQ..........SQ	0
2	10	1	9606	UTP14A	Q9BVJ6	437	446	SQdaepag....SQ	0
2	10	1	9606	UTP14A	Q9BVJ6	445	454	SQetkdsg....SQ	0
2	10	1	9606	ERVK-6	Q9BXR3	875	883	SQsstvd.....SQ	0
2	10	1	9606	FUT8	Q9BYC5	237	246	TQrtlile....SQ	0
2	10	1	9606	CCDC88C	Q9P219	1085	1093	TQnvtfs.....SQ	0
2	10	1	9606	CCDC88C	Q9P219	1340	1347	SQiqll......SQ	0
2	10	1	9606	CCDC88C	Q9P219	1448	1454	SQplr.......SQ	0
2	10	1	9606	WASHC2C	Q9Y4E1	680	685	SQkk........TQ	0
2	10	1	9606	WASHC2C	Q9Y4E1	1223	1232	SQqdvilt....TQ	0
2	10	1	9606	PCLO	Q9Y6V0	241	250	SQqpekik....SQ	0
2	10	1	9606	PCLO	Q9Y6V0	971	977	SQppt.......SQ	0
2	10	1	9606	PCLO	Q9Y6V0	3865	3873	SQfippq.....TQ	0
2	10	1	9606	PCLO	Q9Y6V0	3872	3877	TQte........SQ	0
2	10	1	9606	PCLO	Q9Y6V0	3897	3905	TQaptsy.....TQ	0
2	10	1	9606	PCLO	Q9Y6V0	4840	4844	SQs.........SQ	0
2	10	1	9606	PCLO	Q9Y6V0	4898	4906	SQsktsv.....TQ	0
2	10	1	9606	DDX11L8	A8MPP1	415	423	SQlcqah.....SQ	0
2	10	1	9606	DDX11L8	A8MPP1	467	472	TQsl........SQ	0
2	10	1	9606	BUB1B	O60566	718	725	TQspwc......SQ	0
2	10	1	9606	UCN	P55089	105	108	TQ..........SQ	0
2	10	1	9606	KCNH2	Q12809	1109	1113	SQv.........SQ	0
2	10	1	9606	OVOS1	Q6IE37	56	60	SQe.........SQ	0
2	10	1	9606	LYSMD3	Q7Z3D4	294	298	SQd.........SQ	0
2	10	1	9606	TMC4	Q7Z404	214	223	SQglvtfa....TQ	0
2	10	1	9606	PCSK9	Q8NBP7	381	387	SQsgt.......SQ	0
2	10	1	9606	FIG4	Q92562	827	836	SQhkqdkn....SQ	0
2	10	1	9606	PABPC3	Q9H361	465	474	SQvprvms....TQ	0
2	10	1	9606	PABPC3	Q9H361	473	482	TQrvants....TQ	0
2	10	1	9606	INTS10	Q9NVR2	91	97	SQdkq.......TQ	0
2	10	1	9606	GMEB2	Q9UKD1	373	378	SQvl........TQ	0
2	10	1	9606	ZNF236	Q9UL36	347	352	SQps........SQ	0
2	10	1	9606	ZNF236	Q9UL36	1471	1476	TQdl........TQ	0
2	10	1	9606	ZNF236	Q9UL36	1475	1481	TQvmt.......SQ	0
2	10	1	9606	PLXNB3	Q9ULL4	428	436	SQgqvyh.....SQ	0
2	10	1	9606	PLXNB3	Q9ULL4	912	920	SQppgis.....SQ	0
2	10	1	9606	PABPC1	P11940	471	480	SQvprvms....TQ	0
2	10	1	9606	PABPC1	P11940	479	488	TQrvants....TQ	0
2	10	1	9606	RPS28	P62857	23	29	SQgqc.......TQ	0
2	10	1	9606	SPEM2	Q0P670	164	169	SQkm........SQ	0
2	10	1	9606	TCHHL1	Q5QJ38	316	319	SQ..........TQ	0
2	10	1	9606	TCHHL1	Q5QJ38	419	422	TQ..........TQ	0
2	10	1	9606	TCHHL1	Q5QJ38	573	576	SQ..........SQ	0
2	10	1	9606	TCHHL1	Q5QJ38	853	857	SQa.........SQ	0
2	10	1	9606	POTEE	Q6S8J3	396	403	SQpekm......SQ	0
2	10	1	9606	PPP1R21	Q6ZMI0	98	102	SQl.........SQ	0
2	10	1	9606	ZNF589	Q86UQ0	93	99	SQqfl.......SQ	0
2	10	1	9606	GPRASP2	Q96D09	140	147	SQaegv......SQ	0
2	10	1	9606	PPP1R10	Q96QC0	146	151	SQss........TQ	0
2	10	1	9606	MENT	Q9BUN1	168	174	SQatl.......SQ	0
2	10	1	9606	KCNK13	Q9HB14	246	254	SQnahye.....SQ	0
2	10	1	9606	ATP8A1	Q9Y2Q0	1138	1147	SQdengiv....SQ	0
2	10	1	9606	LAMTOR2	Q9Y2Q5	8	13	TQvl........SQ	0
2	10	1	9606	CT45A10	P0DMU9	67	72	SQld........SQ	0
2	10	1	9606	DES	P17661	2	9	SQayss......SQ	0
2	10	1	9606	ANK3	Q12955	2991	2996	SQkl........SQ	0
2	10	1	9606	ROCK1	Q13464	530	534	SQn.........SQ	0
2	10	1	9606	ROCK1	Q13464	533	542	SQlanekl....SQ	0
2	10	1	9606	SLC12A1	Q13621	816	823	SQgfdi......SQ	0
2	10	1	9606	DSC3	Q14574	753	761	TQttnns.....SQ	0
2	10	1	9606	WDFY4	Q6ZS81	2318	2327	SQdkndhi....SQ	0
2	10	1	9606	WDFY4	Q6ZS81	3084	3092	SQiiitg.....SQ	0
2	10	1	9606	SYTL4	Q96C24	235	242	SQveke......TQ	0
2	10	1	9606	AMOTL2	Q9Y2J4	409	417	TQeaqag.....SQ	0
2	10	1	9606	ARID1A	O14497	486	492	SQqpp.......SQ	0
2	10	1	9606	ARID1A	O14497	506	515	SQppqlqs....SQ	0
2	10	1	9606	ARID1A	O14497	514	520	SQppy.......SQ	0
2	10	1	9606	ARID1A	O14497	519	524	SQqp........SQ	0
2	10	1	9606	ARID1A	O14497	536	542	SQqst.......TQ	0
2	10	1	9606	ARID1A	O14497	541	548	TQqhpq......SQ	0
2	10	1	9606	ARID1A	O14497	547	553	SQppy.......SQ	0
2	10	1	9606	ARID1A	O14497	584	588	SQq.........SQ	0
2	10	1	9606	ARID1A	O14497	587	594	SQqtay......SQ	0
2	10	1	9606	ARID1A	O14497	604	611	SQdsfg......SQ	0
2	10	1	9606	ARID1A	O14497	2206	2212	TQfqq.......SQ	0
2	10	1	9606	CASC3	O15234	654	659	TQap........SQ	0
2	10	1	9606	ADAM20	O43506	29	35	SQarp.......SQ	0
2	10	1	9606	KALRN	O60229	386	395	SQqikqis....TQ	0
2	10	1	9606	KALRN	O60229	465	473	TQaytev.....SQ	0
2	10	1	9606	KALRN	O60229	1617	1624	SQgdgs......SQ	0
2	10	1	9606	TRAK2	O60296	2	5	SQ..........SQ	0
2	10	1	9606	CENPF	P49454	2883	2891	TQvahlc.....SQ	0
2	10	1	9606	CXorf66	Q5JRM2	103	110	SQcspe......TQ	0
2	10	1	9606	SH3RF1	Q7Z6J0	315	319	SQa.........SQ	0
2	10	1	9606	ZSCAN4	Q8NAM6	175	179	SQt.........SQ	0
2	10	1	9606	BBS10	Q8TAM1	130	139	SQalltfq....TQ	0
2	10	1	9606	PKD1L1	Q8TDX9	113	122	TQavvnek....TQ	0
2	10	1	9606	PKD1L1	Q8TDX9	225	230	TQts........SQ	0
2	10	1	9606	PKD1L1	Q8TDX9	487	490	SQ..........TQ	0
2	10	1	9606	PKD1L1	Q8TDX9	489	495	TQvgd.......SQ	0
2	10	1	9606	PKD1L1	Q8TDX9	1505	1513	TQspcyi.....SQ	0
2	10	1	9606	SGSM3	Q96HU1	394	402	SQvvrrr.....TQ	0
2	10	1	9606	BAG1	Q99933	105	112	TQseea......TQ	0
2	10	1	9606	BAG1	Q99933	111	120	TQgeemnr....SQ	0
2	10	1	9606	PEMT	Q9UBM1	72	78	TQaml.......SQ	0
2	10	1	9606	CNTNAP2	Q9UHC6	438	444	TQtkm.......SQ	0
2	10	1	9606	ASAP1	Q9ULH1	683	691	TQcedll.....SQ	0
2	10	1	9606	C1orf226	A1L170	134	142	TQdmlis.....SQ	0
2	10	1	9606	MTX2	O75431	194	200	SQrlg.......TQ	0
2	10	1	9606	GCNT3	O95395	47	50	SQ..........SQ	0
2	10	1	9606	ETF1	P62495	396	401	SQeg........SQ	0
2	10	1	9606	ACACA	Q13085	2323	2330	TQhisp......TQ	0
2	10	1	9606	KHDC4	Q7Z7F0	407	413	TQypi.......TQ	0
2	10	1	9606	FANCM	Q8IYD8	1550	1554	TQl.........SQ	0
2	10	1	9606	ENTHD1	Q8IYW4	588	592	SQi.........SQ	0
2	10	1	9606	ENTHD1	Q8IYW4	591	595	SQs.........SQ	0
2	10	1	9606	TDRD5	Q8NAT2	862	870	SQsepnn.....SQ	0
2	10	1	9606	TDRD5	Q8NAT2	869	872	SQ..........TQ	0
2	10	1	9606	CNTNAP3B	Q96NU0	754	763	SQkehlpv....TQ	0
2	10	1	9606	METTL22	Q9BUU2	48	56	SQfkllw.....SQ	0
2	10	1	9606	CD248	Q9HCU0	577	581	TQa.........TQ	0
2	10	1	9606	CCDC88B	A6NC98	1226	1233	TQcell......TQ	0
2	10	1	9606	POTEM	A6NI47	396	403	SQpeem......SQ	0
2	10	1	9606	ANHX	E9PGG2	344	351	SQalps......SQ	0
2	10	1	9606	ANHX	E9PGG2	350	358	SQvqcsd.....SQ	0
2	10	1	9606	REG1A	P05451	18	21	SQ..........SQ	0
2	10	1	9606	SSTR3	P32745	375	379	SQi.........TQ	0
2	10	1	9606	HTR3A	P46098	363	371	SQrppat.....SQ	0
2	10	1	9606	RIPK4	P57078	385	393	SQldsgv.....SQ	0
2	10	1	9606	ARHGEF5	Q12774	340	346	SQdek.......SQ	0
2	10	1	9606	ARHGEF5	Q12774	430	436	TQipg.......TQ	0
2	10	1	9606	MAGI3	Q5TCQ9	822	829	SQafis......TQ	0
2	10	1	9606	ARID2	Q68CP9	833	841	SQqtsag.....SQ	0
2	10	1	9606	ARID2	Q68CP9	840	843	SQ..........SQ	0
2	10	1	9606	ARID2	Q68CP9	922	931	TQqsvviv....SQ	0
2	10	1	9606	ARID2	Q68CP9	996	1005	SQgppptv....SQ	0
2	10	1	9606	ARID2	Q68CP9	1188	1194	SQgna.......TQ	0
2	10	1	9606	CDC42BPG	Q6DT37	538	546	SQtrals.....SQ	0
2	10	1	9606	UNC13D	Q70J99	173	178	TQvi........TQ	0
2	10	1	9606	RBM33	Q96EV2	500	508	TQsplpf.....TQ	0
2	10	1	9606	RBM33	Q96EV2	922	925	SQ..........TQ	0
2	10	1	9606	MPHOSPH9	Q99550	342	350	SQasnvt.....SQ	0
2	10	1	9606	MPHOSPH9	Q99550	414	417	SQ..........SQ	0
2	10	1	9606	EPC1	Q9H2F5	563	571	TQtcsts.....TQ	0
2	10	1	9606	HIF3A	Q9Y2N7	316	319	TQ..........TQ	0
2	10	1	9606	ACOT9	Q9Y305	359	365	SQvcf.......TQ	0
2	10	1	9606	TRIM64C	A6NLI5	215	221	SQvrm.......TQ	0
2	10	1	9606	KIR2DL2	P43627	303	312	TQlnhcvf....TQ	0
2	10	1	9606	KIR2DL2	P43627	311	320	TQrkitrp....SQ	0
2	10	1	9606	LRRC36	Q1X8D7	233	236	TQ..........TQ	0
2	10	1	9606	MACC1	Q6ZN28	199	208	SQspgwaq....TQ	0
2	10	1	9606	CFAP65	Q6ZU64	48	55	SQiklh......TQ	0
2	10	1	9606	CIP2A	Q8TCG1	310	318	TQlrhml.....TQ	0
2	10	1	9606	AHCTF1	Q8WYP5	2054	2057	SQ..........SQ	0
2	10	1	9606	ZHX3	Q9H4I2	872	877	TQms........SQ	0
2	10	1	9606	CD300A	Q9UGN4	217	226	SQnpkqaa....TQ	0
2	10	1	9606	CCDC66	A2RUB6	376	379	SQ..........SQ	0
2	10	1	9606	CCDC66	A2RUB6	378	383	SQlf........SQ	0
2	10	1	9606	CCDC66	A2RUB6	806	810	TQq.........TQ	0
2	10	1	9606	CCDC66	A2RUB6	869	878	TQdpqyqn....SQ	0
2	10	1	9606	SYNGR1	O43759	182	190	SQdymdp.....SQ	0
2	10	1	9606	NFASC	O94856	184	191	TQdkrv......SQ	0
2	10	1	9606	AHSG	P02765	252	258	TQpvs.......SQ	0
2	10	1	9606	PMS2	P54278	529	536	SQehvd......SQ	0
2	10	1	9606	PMS2	P54278	597	604	TQdmsa......SQ	0
2	10	1	9606	RSRC2	Q7L4I2	412	417	SQth........TQ	0
2	10	1	9606	DDIAS	Q8IXT1	765	773	SQdfvpc.....SQ	0
2	10	1	9606	SPATA20	Q8TB22	606	615	TQdklfwd....SQ	0
2	10	1	9606	TOX2	Q96NM4	181	184	SQ..........SQ	0
2	10	1	9606	TOX2	Q96NM4	183	188	SQli........SQ	0
2	10	1	9606	SOX17	Q9H6I2	14	17	SQ..........TQ	0
2	10	1	9606	SEMA4G	Q9NTN9	384	391	SQgyns......SQ	0
2	10	1	9606	SEMA4G	Q9NTN9	471	478	TQvfre......SQ	0
2	10	1	9606	WARS2	Q9UGM6	115	122	SQvseh......TQ	0
2	10	1	9606	IGKV2D-24	A0A075B6R9	114	118	TQa.........TQ	0
2	10	1	9606	NADK	O95544	222	226	SQv.........TQ	0
2	10	1	9606	KLRK1	P26718	123	130	SQascm......SQ	0
2	10	1	9606	CDK5R1	Q15078	112	118	SQlsg.......SQ	0
2	10	1	9606	SMAD1	Q15797	235	240	TQdg........SQ	0
2	10	1	9606	ABCB5	Q2M3G0	93	96	TQ..........SQ	0
2	10	1	9606	ZNF429	Q86V71	186	190	SQl.........TQ	0
2	10	1	9606	TRAV8-7	A0A075B6U6	18	23	TQsv........TQ	0
2	10	1	9606	TIAL1	Q01085	291	298	SQwgqw......SQ	0
2	10	1	9606	NID2	Q14112	85	93	TQdfpre.....TQ	0
2	10	1	9606	RALGAPA2	Q2PPJ7	779	788	SQgqkaen....TQ	0
2	10	1	9606	HMCN2	Q8NDA2	615	620	SQhf........SQ	0
2	10	1	9606	HMCN2	Q8NDA2	2419	2422	TQ..........TQ	0
2	10	1	9606	DPF2	Q92785	244	252	SQpptpv.....SQ	0
2	10	1	9606	MASTL	Q96GX5	243	247	SQl.........SQ	0
2	10	1	9606	DLC1	Q96QB1	738	746	TQtssss.....SQ	0
2	10	1	9606	SENP7	Q9BQF6	602	611	TQlehsvl....SQ	0
2	10	1	9606	SENP7	Q9BQF6	884	888	SQq.........SQ	0
2	10	1	9606	SENP7	Q9BQF6	887	893	SQaqq.......SQ	0
2	10	1	9606	OCSTAMP	Q9BR26	260	265	TQql........TQ	0
2	10	1	9606	BAZ2A	Q9UIF9	146	155	SQefwang....TQ	0
2	10	1	9606	BAZ2A	Q9UIF9	1260	1266	SQhdl.......SQ	0
2	10	1	9606	BAZ2A	Q9UIF9	1274	1277	SQ..........TQ	0
2	10	1	9606	SMC3	Q9UQE7	1065	1068	SQ..........SQ	0
2	10	1	9606	DYTN	A2CJ06	467	470	SQ..........TQ	0
2	10	1	9606	ZNF292	O60281	1777	1785	SQgaget.....SQ	0
2	10	1	9606	MBP	P02686	136	142	SQkrp.......SQ	0
2	10	1	9606	UBTFL6	P0CB48	126	135	SQmypgmr....SQ	0
2	10	1	9606	UBTFL6	P0CB48	271	279	SQkdhyk.....SQ	0
2	10	1	9606	NEDD4	P46934	807	813	SQlts.......SQ	0
2	10	1	9606	NEDD4	P46934	812	821	SQssagpq....SQ	0
2	10	1	9606	DRP2	Q13474	517	525	SQvansg.....SQ	0
2	10	1	9606	CACNA2D4	Q7Z3S7	454	463	TQistlad....TQ	0
2	10	1	9606	ZNF383	Q8NA42	180	184	SQn.........SQ	0
2	10	1	9606	ZNF383	Q8NA42	376	380	TQs.........SQ	0
2	10	1	9606	ZNF383	Q8NA42	404	408	TQn.........SQ	0
2	10	1	9606	FAM13C	Q8NE31	245	248	SQ..........SQ	0
2	10	1	9606	ASB2	Q96Q27	3	11	TQistrg.....SQ	0
2	10	1	9606	BRINP2	Q9C0B6	709	713	TQg.........SQ	0
2	10	1	9606	ITSN2	Q9NZM3	278	281	SQ..........TQ	0
2	10	1	9606	SAMD4A	Q9UPU9	34	37	SQ..........TQ	0
2	10	1	9606	MCF2L	O15068	480	489	SQpvdkcq....SQ	0
2	10	1	9606	MCF2L	O15068	955	964	SQhraleq....SQ	0
2	10	1	9606	MAP4K4	O95819	688	697	SQpgshpg....SQ	0
2	10	1	9606	SMCP	P49901	94	102	TQdkgcq.....TQ	0
2	10	1	9606	KPRP	Q5T749	26	34	SQspfaq.....SQ	0
2	10	1	9606	KPRP	Q5T749	67	71	SQt.........TQ	0
2	10	1	9606	KPRP	Q5T749	92	101	TQvkgqaa....SQ	0
2	10	1	9606	KPRP	Q5T749	100	103	SQ..........SQ	0
2	10	1	9606	KPRP	Q5T749	102	110	SQtssvq.....SQ	0
2	10	1	9606	TMC5	Q6UXY8	22	27	SQnr........TQ	0
2	10	1	9606	TMC5	Q6UXY8	26	33	TQgylk......TQ	0
2	10	1	9606	MED12L	Q86YW9	1946	1955	TQmplqqt....SQ	0
2	10	1	9606	MED12L	Q86YW9	2083	2086	SQ..........SQ	0
2	10	1	9606	MED12L	Q86YW9	2085	2088	SQ..........SQ	0
2	10	1	9606	FAM217A	Q8IXS0	73	78	SQks........TQ	0
2	10	1	9606	XRN1	Q8IZH2	1626	1635	SQatpvqt....SQ	0
2	10	1	9606	NIN	Q8N4C6	1597	1602	SQkn........SQ	0
2	10	1	9606	NIN	Q8N4C6	1759	1765	SQlva.......SQ	0
2	10	1	9606	ZNF354B	Q96LW1	97	100	TQ..........TQ	0
2	10	1	9606	ARHGAP9	Q9BRR9	296	301	SQrt........SQ	0
2	10	1	9606	ASAH2	Q9NR71	52	59	TQsppa......TQ	0
2	10	1	9606	ASAH2	Q9NR71	70	77	TQhsta......TQ	0
2	10	1	9606	ASAH2	Q9NR71	76	83	TQssta......TQ	0
2	10	1	9606	SP100	P23497	501	510	SQeartes....SQ	0
2	10	1	9606	ABRAXAS2	Q15018	410	414	TQt.........SQ	0
2	10	1	9606	MIA3	Q5JRA6	1892	1897	SQst........SQ	0
2	10	1	9606	MIA3	Q5JRA6	1896	1901	SQdc........SQ	0
2	10	1	9606	BPIFA4P	Q86YQ2	29	37	SQllndl.....TQ	0
2	10	1	9606	TTC8	Q8TAM2	106	114	SQavrpi.....TQ	0
2	10	1	9606	AGAP4	Q96P64	433	438	SQlt........SQ	0
2	10	1	9606	MED15	Q96RN5	316	323	SQlppq......SQ	0
2	10	1	9606	MED15	Q96RN5	322	325	SQ..........TQ	0
2	10	1	9606	MED15	Q96RN5	324	330	TQplv.......SQ	0
2	10	1	9606	LARP6	Q9BRS8	251	256	SQvg........TQ	0
2	10	1	9606	TNKS1BP1	Q9C0C2	553	561	TQkgdge.....SQ	0
2	10	1	9606	TNKS1BP1	Q9C0C2	833	837	TQr.........SQ	0
2	10	1	9606	TCF7L1	Q9HCS4	432	435	SQ..........TQ	0
2	10	1	9606	TCF7L1	Q9HCS4	434	437	TQ..........SQ	0
2	10	1	9606	TCF7L2	Q9NQB0	526	532	SQteq.......TQ	0
2	10	1	9606	POTEB	A0A0A6YYL3	359	366	SQpekm......SQ	0
2	10	1	9606	ZZEF1	O43149	2320	2324	SQy.........SQ	0
2	10	1	9606	VPREB1	P12018	73	79	SQsdk.......SQ	0
2	10	1	9606	KCNJ10	P78508	10	14	SQt.........TQ	0
2	10	1	9606	FHOD3	Q2V2M9	724	727	SQ..........TQ	0
2	10	1	9606	FHOD3	Q2V2M9	1374	1379	TQvp........SQ	0
2	10	1	9606	NHSL1	Q5SYE7	131	136	SQyy........SQ	0
2	10	1	9606	BICRAL	Q6AI39	198	206	SQhlsns.....SQ	0
2	10	1	9606	BICRAL	Q6AI39	427	431	TQp.........SQ	0
2	10	1	9606	BICRAL	Q6AI39	761	768	TQllkr......TQ	0
2	10	1	9606	CEP68	Q76N32	535	538	SQ..........SQ	0
2	10	1	9606	PDZD8	Q8NEN9	1132	1138	SQlid.......SQ	0
2	10	1	9606	KNL1	Q8NG31	1869	1874	SQme........SQ	0
2	10	1	9606	DCANP1	Q8TF63	217	226	SQsrrvss....SQ	0
2	10	1	9606	BBX	Q8WY36	815	823	TQeplvg.....SQ	0
2	10	1	9606	MTG2	Q9H4K7	313	320	SQpepw......TQ	0
2	10	1	9606	PLEKHA4	Q9H4M7	318	324	SQepr.......TQ	0
2	10	1	9606	PLEKHA4	Q9H4M7	677	686	SQalatea....SQ	0
2	10	1	9606	BAZ2B	Q9UIF8	335	343	SQthsfq.....SQ	0
2	10	1	9606	RASAL2	Q9UJF2	736	742	SQlsi.......TQ	0
2	10	1	9606	SSPOP	A2VEC9	2084	2092	SQqlehp.....TQ	0
2	10	1	9606	SSPOP	A2VEC9	2873	2881	SQtrdcn.....TQ	0
2	10	1	9606	SSPOP	A2VEC9	4203	4206	SQ..........SQ	0
2	10	1	9606	HCFC1	P51610	955	959	SQp.........TQ	0
2	10	1	9606	ZNF404	Q494X3	368	372	SQl.........TQ	0
2	10	1	9606	COBLL1	Q53SF7	640	648	TQhscls.....SQ	0
2	10	1	9606	COBLL1	Q53SF7	961	966	SQvs........TQ	0
2	10	1	9606	YTHDF3	Q7Z739	141	147	SQgqs.......TQ	0
2	10	1	9606	PARP9	Q8IXQ6	822	829	TQeyvq......SQ	0
2	10	1	9606	NANOGP1	Q8N7R0	150	156	TQtwc.......TQ	0
2	10	1	9606	NUP133	Q8WUM0	916	921	SQpi........SQ	0
2	10	1	9606	TEKT4	Q8WW24	69	77	SQqlate.....TQ	0
2	10	1	9606	TEKT4	Q8WW24	76	84	TQalaqr.....TQ	0
2	10	1	9606	SYMPK	Q92797	16	21	SQff........TQ	0
2	10	1	9606	PLEKHG2	Q9H7P9	1132	1139	SQelpd......TQ	0
2	10	1	9606	ISG20L2	Q9H9L3	136	142	SQkks.......SQ	0
2	10	1	9606	UBE2T	Q9NPD8	178	185	TQkrka......SQ	0
2	10	1	9606	CLEC2D	Q9UHP7	99	106	SQrfcd......SQ	0
2	10	1	9606	HEG1	Q9ULI3	773	781	SQtadlk.....SQ	0
2	10	1	9606	NOVA2	Q9UNW9	466	475	TQaaqyli....SQ	0
2	10	1	9606	TRAV38-1	A0A0B4J264	25	28	TQ..........SQ	0
2	10	1	9606	SPTBN2	O15020	2126	2135	TQprppps....TQ	0
2	10	1	9606	NUDT17	P0C025	190	194	SQe.........SQ	0
2	10	1	9606	TOP1	P11387	303	307	TQm.........SQ	0
2	10	1	9606	DUSP6	Q16828	265	270	SQnl........SQ	0
2	10	1	9606	FAM171A1	Q5VUB5	640	645	SQai........SQ	0
2	10	1	9606	LRSAM1	Q6UWE0	282	291	TQllqqss....SQ	0
2	10	1	9606	CCDC28A	Q8IWP9	132	137	SQst........SQ	0
2	10	1	9606	FNBP4	Q8N3X1	438	443	SQpa........SQ	0
2	10	1	9606	C2CD4C	Q8TF44	246	252	SQakv.......SQ	0
2	10	1	9606	CUSTOS	Q96C57	53	59	SQlst.......SQ	0
2	10	1	9606	PARP4	Q9UKK3	1362	1366	SQf.........SQ	0
2	10	1	9606		A8MUI8	291	295	SQa.........SQ	0
2	10	1	9606	CUBN	O60494	3329	3334	SQdc........TQ	0
2	10	1	9606	THEGL	P0DJG4	453	461	SQriwel.....SQ	0
2	10	1	9606	EPB42	P16452	233	237	TQa.........TQ	0
2	10	1	9606	MLLT1	Q03111	394	399	SQnh........SQ	0
2	10	1	9606	ATM	Q13315	367	374	SQsytt......TQ	0
2	10	1	9606	ATM	Q13315	2636	2641	TQwk........TQ	0
2	10	1	9606	LRIF1	Q5T3J3	276	285	TQlkggqh....SQ	0
2	10	1	9606	SPATA31A3	Q5VYP0	1268	1276	SQqatlk.....SQ	0
2	10	1	9606	TRPM8	Q7Z2W7	75	82	SQhmeg......TQ	0
2	10	1	9606	SPATA31A7	Q8IWB4	1268	1276	SQqatlk.....SQ	0
2	10	1	9606	OR11H7	Q8NGC8	4	11	SQistv......TQ	0
2	10	1	9606	RPGR	Q92834	564	571	SQgifm......TQ	0
2	10	1	9606	MTFMT	Q96DP5	358	364	SQaqp.......SQ	0
2	10	1	9606	SYNC	Q9H7C4	469	477	SQaggme.....TQ	0
2	10	1	9606	SYNC	Q9H7C4	476	479	TQ..........SQ	0
2	10	1	9606	SLC12A8	A0AV02	2	6	TQm.........SQ	0
2	10	1	9606	SLC12A8	A0AV02	684	688	TQl.........TQ	0
2	10	1	9606	ATMIN	O43313	441	450	SQtdlsfd....SQ	0
2	10	1	9606	ATMIN	O43313	577	586	SQnmtdnq....TQ	0
2	10	1	9606	ATMIN	O43313	702	705	TQ..........TQ	0
2	10	1	9606	ATMIN	O43313	804	812	SQfssve.....TQ	0
2	10	1	9606	SRPX2	O60687	3	7	SQl.........TQ	0
2	10	1	9606	TPO	P07202	109	113	TQq.........SQ	0
2	10	1	9606	CLINT1	Q14677	430	438	SQatmts.....SQ	0
2	10	1	9606	ZNF658B	Q4V348	69	72	TQ..........SQ	0
2	10	1	9606	HIKESHI	Q53FT3	139	143	TQf.........TQ	0
2	10	1	9606	PMS2CL	Q68D20	143	150	SQehvd......SQ	0
2	10	1	9606	MAEA	Q7L5Y9	226	232	SQaeg.......SQ	0
2	10	1	9606	PRUNE1	Q86TP1	438	444	SQisl.......SQ	0
2	10	1	9606	TAF1L	Q8IZX4	1486	1490	TQi.........SQ	0
2	10	1	9606	TSG101	Q99816	202	207	SQyp........SQ	0
2	10	1	9606	PRR36	Q9H6K5	395	401	SQvpp.......TQ	0
2	10	1	9606	EPB41L5	Q9HCM4	400	406	TQsng.......SQ	0
2	10	1	9606	MTPAP	Q9NVV4	491	494	SQ..........SQ	0
2	10	1	9606	FOXJ3	Q9UPW0	517	525	TQtglih.....SQ	0
2	10	1	9606	SERPINI2	O75830	329	333	SQv.........TQ	0
2	10	1	9606	PHC1	P78364	92	100	TQqqttt.....TQ	0
2	10	1	9606	PHC1	P78364	241	246	SQas........SQ	0
2	10	1	9606	PHC1	P78364	324	328	SQg.........SQ	0
2	10	1	9606	PHC1	P78364	456	463	TQqvpp......SQ	0
2	10	1	9606	PHC1	P78364	462	465	SQ..........SQ	0
2	10	1	9606	RUNX2	Q13950	430	433	SQ..........SQ	0
2	10	1	9606	SART3	Q15020	852	856	SQa.........SQ	0
2	10	1	9606	MUC17	Q685J3	4301	4310	TQvqnitv....TQ	0
2	10	1	9606	MOXD1	Q6UVY6	42	47	SQrg........SQ	0
2	10	1	9606	MAMSTR	Q6ZN01	7	11	SQr.........SQ	0
2	10	1	9606	BNC2	Q6ZN30	151	159	TQhlyhp.....TQ	0
2	10	1	9606	POGZ	Q7Z3K3	145	153	SQpifit.....TQ	0
2	10	1	9606	POGZ	Q7Z3K3	244	247	SQ..........SQ	0
2	10	1	9606	EXOC3-AS1	Q8N2X6	63	68	TQrr........TQ	0
2	10	1	9606	DAZL	Q92904	19	28	TQsssaat....SQ	0
2	10	1	9606	PELI1	Q96FA3	121	128	SQsnsd......TQ	0
2	10	1	9606	FMO2	Q99518	423	426	SQ..........SQ	0
2	10	1	9606	ZNF251	Q9BRH9	331	338	SQspql......TQ	0
2	10	1	9606	ZNF251	Q9BRH9	471	475	SQs.........SQ	0
2	10	1	9606	ZNF251	Q9BRH9	632	636	SQs.........SQ	0
2	10	1	9606	NIFK	Q9BYG3	59	67	TQifsyf.....SQ	0
2	10	1	9606	CD244	Q9BZW8	302	310	SQssapt.....SQ	0
2	10	1	9606	PTPN23	Q9H3S7	1126	1132	SQhgg.......TQ	0
2	10	1	9606	MAGED1	Q9Y5V3	106	115	TQpkaafk....SQ	0
2	10	1	9606	MAGED1	Q9Y5V3	195	198	TQ..........TQ	0
2	10	1	9606	IGLJ3	A0A0A0MT99	10	16	SQlpp.......SQ	0
2	10	1	9606	NUTM2B	A6NNL0	266	275	TQaceggw....SQ	0
2	10	1	9606	NUTM2B	A6NNL0	856	859	SQ..........SQ	0
2	10	1	9606	BMX	P51813	619	627	SQvvlkv.....SQ	0
2	10	1	9606	DLX1	P56177	168	171	TQ..........TQ	0
2	10	1	9606	MTMR2	Q13614	277	286	SQatitrc....SQ	0
2	10	1	9606	RBMY1J	Q15415	180	186	SQgpm.......SQ	0
2	10	1	9606	CCDC96	Q2M329	395	401	TQedl.......TQ	0
2	10	1	9606	TYSND1	Q2T9J0	530	533	SQ..........TQ	0
2	10	1	9606	ZNF518A	Q6AHZ1	890	898	TQsdaii.....TQ	0
2	10	1	9606	HAS2	Q92819	168	173	SQhv........TQ	0
2	10	1	9606	ALPK3	Q96L96	841	848	TQvdag......TQ	0
2	10	1	9606	ALPK3	Q96L96	865	872	TQgrae......TQ	0
2	10	1	9606	ALPK3	Q96L96	871	877	TQlet.......TQ	0
2	10	1	9606	ALPK3	Q96L96	1888	1897	TQllgqpp....TQ	0
2	10	1	9606	MAP10	Q9P2G4	843	850	SQspqt......SQ	0
2	10	1	9606	MYH4	Q9Y623	1467	1475	TQaelea.....SQ	0
2	10	1	9606	MYH4	Q9Y623	1650	1658	TQgilkd.....TQ	0
2	10	1	9606	RGPD3	A6NKT7	879	887	SQspayn.....SQ	0
2	10	1	9606	PRAMEF4	O60810	260	265	TQft........TQ	0
2	10	1	9606	PRAMEF4	O60810	317	324	SQcpsi......SQ	0
2	10	1	9606	FBXW10B	O95170	192	201	SQvywtak....TQ	0
2	10	1	9606	ALAS1	P13196	82	90	SQqspdg.....TQ	0
2	10	1	9606	ALDH3B1	P43353	371	380	SQvvkrvl....TQ	0
2	10	1	9606	NOP2	P46087	801	808	SQsrgn......SQ	0
2	10	1	9606	SLC11A2	P49281	232	235	SQ..........SQ	0
2	10	1	9606	IL1RL1	Q01638	51	60	SQtnksip....TQ	0
2	10	1	9606	ERCC6	Q03468	10	13	SQ..........TQ	0
2	10	1	9606	ERCC6	Q03468	12	21	TQeqdclq....SQ	0
2	10	1	9606	HSF5	Q4G112	424	428	SQa.........SQ	0
2	10	1	9606	NLRP14	Q86W24	589	597	TQdkafi.....SQ	0
2	10	1	9606	ALMS1	Q8TCU4	165	172	SQtldt......SQ	0
2	10	1	9606	ALMS1	Q8TCU4	3139	3148	TQdlktip....SQ	0
2	10	1	9606	ALMS1	Q8TCU4	3147	3151	SQn.........SQ	0
2	10	1	9606	SCLY	Q96I15	347	353	SQfpg.......TQ	0
2	10	1	9606	ZNF521	Q96K83	245	250	TQkc........SQ	0
2	10	1	9606	NBPF4	Q96M43	101	108	SQakel......TQ	0
2	10	1	9606	TEKT3	Q9BXF9	138	144	TQadt.......TQ	0